Id,y,x1,x2,x3,x4,x5,x6,x7,x8,x9,x10
0,508.451969694,0.886864686583,0.400530684599,1.10369395746,0.13545466319,8.14806911383,9.78755493903,79.7496740986,0.0451658559388,1.85934633385,1.0
1,3972.98071296,0.303603904462,-1.66159829111,0.772694837102,1.69618157283,0.455549600043,86.4136529201,39.365705026,-0.0148577033547,0.821405937025,1.0
2,-1.08433191233,1.06592681872,-1.60732015923,0.0638961916502,-0.724311319231,-0.0882164753659,0.132828028699,-0.0117176205216,-0.773192510223,-1.48993300822,1.0
3,-340.149696949,0.049529551868,-0.780819637712,-1.65318050139,0.663369166617,-2.49209728849,-1.24372198747,3.09947619261,-1.03788130561,0.346979019895,1.0
4,572.648650696,0.417725457923,-1.15042856283,0.2583836264,0.0455219765234,5.67601949944,-0.47027382559,-2.66928340413,0.632082603376,-0.510847298258,1.0
5,3.73585311542,0.243956623908,-0.625943114968,1.57030391191,0.966305778971,1.62505900936,-4.67542307786,-7.59783839523,0.210231439102,-0.685096980331,1.0
6,668.051001393,-0.522619416398,0.414091353794,1.04297759465,0.154668833646,6.74329514265,0.414651605003,2.7961181539,1.04156838882,-0.039267991038,1.0
7,56.3288546718,0.922206671567,-1.09940079058,0.376425531156,1.32638589669,0.283797899311,0.595827348977,0.169094549992,-0.694567859731,-0.149634540328,1.0
8,-271.748593228,-0.890341532355,-1.2648000325,1.20977190731,-0.984082688458,-1.22933969015,-2.38727397699,2.93477065118,0.640948446821,0.926691225525,1.0
9,-23.3891406759,1.53534354403,-0.176782713326,-0.184951417061,0.729288747203,-0.253605197901,0.029708753387,-0.00753429428209,1.10055824005,-0.342368043853,1.0
10,21.1312471387,1.66831105963,-0.751568990131,-0.355083122456,-1.34170494342,0.264650677629,-0.11568025551,-0.030614858009,-2.30695776545,0.731592505022,1.0
11,909.3521963,-0.971170664824,2.48844161433,1.42631686079,0.141806639153,10.0581811212,1.93587748198,19.4714063421,1.83343536182,0.355703515724,1.0
12,2.72671544451,0.141667164872,1.34407437467,-0.0111356273407,-1.43179777807,0.00777737436897,0.0237958194486,0.000185068996268,-0.628980707591,1.07007251207,1.0
13,-42.0113962588,1.09074973443,-0.794636321071,-0.346249447647,1.08193521848,-0.320027892367,-0.190417836965,0.0609390190331,-1.44494019907,-1.21054299412,1.0
14,950.723286267,0.0473045000411,-0.9782206162,0.239623914089,0.162363037382,1.47585261986,22.7769748102,33.6154579462,-0.0102913163337,0.00207502191937,1.0
15,17.5918622535,-1.36307766816,-0.283625452257,-0.772598559662,-2.44522749078,0.315961832826,-0.306103299007,-0.0967169593882,-0.715864927324,0.883396842456,1.0
16,63.5355523345,0.100867063257,0.381824009619,-0.935127209438,-1.25577488174,0.744661501861,-0.291978580087,-0.217425207959,1.22287744705,-2.08651002886,1.0
17,148.806036577,-0.24201982987,-0.384645423143,1.51826117036,1.07819730371,1.4081478085,0.228194634796,0.3213317749,-2.55918466634,1.18137860129,1.0
18,340.335348568,-0.988096687969,-2.01828186835,-0.505340721898,-0.178456814897,2.83172554766,2.62188792749,7.42446702737,0.389002140653,-0.339454321465,1.0
19,163.109615163,-1.7362418043,-0.909032326252,-0.376784109108,-0.536332521199,0.702519601581,2.18062078373,1.53192884418,0.157069462858,-0.980459245562,1.0
20,92.4193993989,-0.0532430421279,-1.41918550789,-0.773499582494,-1.51820670519,0.509482391199,0.980380302006,0.499486500551,1.11970772525,-0.953860961754,1.0
21,53.141192622,-0.393602923922,-0.834518035308,0.161790688052,0.343188109616,0.471434421877,0.118009372873,0.0556336804766,-1.14412307969,-0.0458879455113,1.0
22,416.952188821,-1.98926946616,0.314025691821,-1.54055797187,0.886293194621,-1.73820354395,8.75467924305,-15.2174144864,-0.0552589957297,-1.50032837598,1.0
23,96.0488735301,-0.622225471755,0.556964120579,-1.5227680905,0.653037283406,-2.33182412275,4.50056418841,-10.4945241405,-0.18844908213,-1.17583498794,1.0
24,73.1884664925,0.466166426034,-0.453804041052,-0.370242440704,-0.918004769819,0.403312109998,0.665424792821,0.268373877238,0.252496627077,0.820321797261,1.0
25,11.1686857585,-1.19325783347,-1.29636038828,0.350265919562,-2.31377311317,-0.151383001889,0.538910650049,-0.0815819119544,-0.842571701713,-1.54292144715,1.0
26,-485.327327797,1.02940891823,2.54811269782,0.102059791064,-1.24260693845,-0.082133607906,-9.38896460301,0.771149537347,-0.0276984588336,0.175067458837,1.0
27,42.4630395685,0.501799753808,0.538437000355,-0.0560994733409,-0.123649625892,0.453697072969,-0.0598174807533,-0.0271390159301,0.504969981463,1.72369627567,1.0
28,188.174290092,1.52595756088,0.882056599363,-0.772771882978,-0.586320025211,1.31800356418,1.48944072639,1.96308818601,-0.45764059429,0.371811081497,1.0
29,45.6201626158,-0.738157597952,1.12190734885,-0.911768484807,-1.37701857079,0.662132308268,-0.508600735402,-0.336760978919,2.01124318616,-0.235503314334,1.0
30,-790.680849784,0.306272488305,-0.966063185044,0.999149850197,-0.100301702612,-9.96144456355,1.3722515782,-13.6696080235,-0.703400092193,0.302561002288,1.0
31,77.7555106044,0.406657246958,-1.67244458757,0.483471726086,0.860973270496,0.56154092427,0.478167203882,0.268510453624,-1.69099776181,-0.690431429361,1.0
32,122.4654708,-0.911881298544,0.576478703059,-1.46836695646,-0.773512802761,1.89830982916,-2.14327423782,-4.06859855225,0.394948188962,-0.503889887788,1.0
33,213.826066201,0.680145766022,0.357153661308,1.06522470898,0.706471613702,1.50780963922,1.86203763338,2.80759829221,0.204318590616,-1.92070559893,1.0
34,481.108178402,0.234821525949,0.936445725831,2.13215341057,1.26507783809,1.6853930615,9.44053971427,15.9110201312,0.211497012732,-0.704921352507,1.0
35,-643.311635887,2.01186426313,1.33623509081,-0.897409503631,0.197853309567,-4.53573157606,-1.99140281724,9.03246863881,0.602163489576,0.873273048301,1.0
36,27.2709077823,0.700357337177,0.903088454869,-0.215273234541,-2.33046725765,0.0923734216104,0.342391065664,0.0316278342642,-0.56780328768,2.66732208888,1.0
37,2476.67686929,-0.0349520223877,-1.80969019273,-2.04639313625,0.414306833924,-4.93931784052,29.8753528274,-147.563863212,0.123959626872,0.273957577174,1.0
38,-37.7340177448,1.51848292578,0.112307688427,0.235464525385,-0.654486505185,-0.359769870761,-0.0255552735332,0.00919401745631,-1.03479528475,-0.777147509548,1.0
39,122.184437277,0.70464272075,0.936795216254,0.155590734969,0.140810651878,1.10496424023,0.307835838843,0.340147593782,0.473488261666,1.85524620942,1.0
40,245.031456716,-0.33818326875,0.606497668529,0.768967740463,0.322427722871,2.38493059348,0.290124243484,0.691926184196,1.60750834251,-1.8024101085,1.0
41,-1331.73311163,0.14844958138,0.422628621709,0.529045238334,-0.041400811558,-12.7786199938,-0.295023428891,3.76999228706,-0.757870860425,-0.0500840942848,1.0
42,-2382.13487253,-0.239296591142,-1.07934316602,-0.246793557789,0.0132397676675,-18.6403239079,-2.18438720872,40.7176851109,-0.1219449276,0.339059255942,1.0
43,9131.73136126,0.208274978077,0.356366397174,0.976639036484,0.0105000207208,93.0130580168,0.194886099501,18.1269520796,1.78587049391,0.126912092704,1.0
44,-58.5407987865,0.881037142528,-0.462077536286,0.715208484755,-0.754652487798,-0.947732229496,0.617749335834,-0.585460955319,-0.534977142663,0.456642461175,1.0
45,378.12665113,0.336015742662,-0.272131756018,0.88649153936,-0.309377592883,-2.86540318288,8.4560832834,-24.230087955,-0.0285288698344,-0.324730265083,1.0
46,775.58158438,0.0648561063436,-0.585431204278,-1.2796891732,-0.18224478379,7.02181509172,-3.69236884586,-25.9271312861,-0.202896840767,-0.109882779309,1.0
47,38.2345178462,-0.470032882701,-0.930156502524,-0.216731470576,-1.55042934508,0.139788034368,0.483069961137,0.0675274003295,0.417318821032,-0.944368490824,1.0
48,-11.2557264052,0.217179632638,1.40454551494,0.0782111810922,-1.4812459622,-0.0528009412941,-0.0863231003732,0.00455794095513,-1.27255813503,1.51875933696,1.0
49,-325.352982006,-0.0601378855037,0.305320755012,-0.866168799007,0.244610361329,-3.54101434747,0.339083765032,-1.20070047697,-0.779923248925,0.0890762024966,1.0
50,-1587.93592428,0.447054152324,-1.32482736996,1.12715451447,-0.0402808183223,-27.9824135015,3.67226277231,-102.758775381,-0.406638969903,-0.0792577254967,1.0
51,-23.5470442684,0.100564203097,-1.47040173514,-0.954942757617,0.496179412288,-1.92459165771,2.43372067748,-4.68391851307,0.576955893399,-1.1076469009,1.0
52,3264.35900812,-0.947724317725,-0.226123726355,1.39922992469,0.801301018297,1.74619761205,94.9735012643,165.842501116,-0.0033314459337,-0.0969415576574,1.0
53,96.3893465204,-1.98056559107,-0.421327587325,0.768770644399,0.87569567878,0.877897040066,0.237264202107,0.208293540743,-1.36516287723,1.94709864282,1.0
54,154.388658855,1.01702099141,0.396086584957,1.42298349652,1.12441918451,1.26552758626,0.746131698685,0.944250247668,0.755395695663,0.867407411355,1.0
55,82.1306242689,-0.873630632546,-0.897237030683,-1.05775389987,1.34043031798,-0.789115171215,2.77441033335,-2.18932928522,0.342074839077,1.07062833043,1.0
56,-939.312176796,0.765001977385,-2.25625011781,0.867665218013,-0.670023280599,-1.29497771665,-12.865508963,16.6605474204,0.152164190006,-1.94053339717,1.0
57,-215.106784133,0.892473887332,0.104714029433,-0.422314824125,0.201479946704,-2.09606380701,-0.0817759745033,0.171407660439,0.5407735853,-1.81807763038,1.0
58,-107.230837718,1.91034250159,-0.587481467328,0.553781194427,-0.858668398098,-0.644930214799,-0.745863855567,0.481030136582,0.436187095342,1.57146305131,1.0
59,12.8707851515,2.25930895069,-0.955945000493,-0.0422571516606,-0.463595974646,0.0911508165982,0.0838983742167,0.00764740532112,0.481481473773,-1.54079701444,1.0
60,-16.2836343217,-0.507059956143,-1.174820101,0.0964791426052,-0.427709253058,-0.225571791855,0.132923354386,-0.0299837592283,-0.852714232067,0.405652229805,1.0
61,-1066.7372765,-0.584770936417,1.62998224401,-1.70832079187,0.237779633453,-7.18447062544,-2.85552545937,20.515438783,0.975138410579,-1.32933656933,1.0
62,47.4887592562,0.399474335208,0.409982355949,-0.488694715918,-0.91851907647,0.532046343334,-0.109730967953,-0.0583819602497,1.82588575231,0.199784621419,1.0
63,346.444708942,-2.04923191324,0.939614393507,-1.25668012817,-0.532437658999,2.36023900062,4.24838049766,10.02719334,-0.277939967268,1.36374259283,1.0
64,1366.3015604,0.280057860038,-1.64134860882,1.39053396707,0.0660602617865,21.0494770906,4.60341212756,96.8994181176,-0.495795494545,1.21657771374,1.0
65,4.23003112833,1.14455353528,1.28345503627,-0.0187670555399,2.18861867882,-0.00857484025038,0.109597964783,-0.000939785039784,-0.219772985713,0.900723905089,1.0
66,21.2256447662,-1.10223019091,-0.835856067482,-0.0245494236424,-0.103212751462,0.237852622808,-0.0195168081531,-0.00464212400805,-1.05139039866,0.246648955252,1.0
67,95.4562699798,-0.565781328546,-0.413762493719,1.54453436593,1.27852918898,1.20805561519,-0.680708132157,-0.822333281354,0.938831726394,-2.71628030922,1.0
68,225.035288455,-1.09828943132,-0.861215553399,0.572613353041,1.09858164823,0.52122967279,3.8809674719,2.02287540549,-0.127067162839,0.813452245114,1.0
69,103.030344264,-1.34775906114,0.969396708158,-1.27048499849,1.94362118565,-0.653669042026,2.97762924959,-1.94638405909,-0.41361898076,-0.747454811441,1.0
70,440.698554967,-0.489828218847,-0.596917111783,0.658802141692,0.152176975588,4.32918409073,1.0511162951,4.55047594224,-0.374126320264,-0.0134514693574,1.0
71,-1.7556020537,-1.31717478881,1.70257015224,0.18970261208,-0.463021754109,-0.409705614038,0.722515774941,-0.296018769224,0.447024156886,0.105719995467,1.0
72,-2.27288961456,1.39706530131,0.565267202536,1.49771502732,-1.10469014721,-1.35577838827,2.0794549535,-2.81928008534,0.407130331083,-0.628557580245,1.0
73,117.347702976,-0.63743920343,0.374500287242,0.871758495898,0.670391688848,1.30037187274,-0.309616482632,-0.402616565353,-1.05444582389,-0.865633641586,1.0
74,-362.207695609,-0.40607179626,0.025405208385,-0.535270164533,0.172504416493,-3.10293600254,-0.645647910587,2.00340414672,0.0210620213421,0.0994544570307,1.0
75,-143.41618437,0.0114988998701,-0.591183103764,-0.837678041908,0.326962595404,-2.56199960999,1.50051034874,-3.84430692826,0.33003511451,2.22594433174,1.0
76,38.6165146635,-0.0833262852467,-0.879096012266,0.131054449217,0.36778401092,0.356335363491,0.0829899608439,0.0295722578634,-1.38823349867,-2.57520262677,1.0
77,204.666398529,-1.13856787032,-0.135809842644,-0.888645283092,-0.417429456342,2.12885140133,-0.266091833174,-0.566469971937,-0.453553100909,-0.991628358378,1.0
78,-265.196143177,0.510874821892,-0.429209296646,1.31415443381,-0.554131247084,-2.37155807533,-0.376159053874,0.892083041821,1.49949149014,0.105834643617,1.0
79,-46.6186606737,0.100159408091,1.27295374892,-0.475175105829,0.73018353113,-0.650761193003,0.325642734774,-0.211915654574,-1.85748327159,0.382598136723,1.0
80,-120.19715697,0.496000946344,1.02943882878,0.771405948677,-0.424317620978,-1.81799178384,0.920610837394,-1.6736629385,0.862596011328,-2.65561909297,1.0
81,230.66412876,1.45427350696,0.121675016493,0.761037725147,0.333674327374,2.2807799783,0.0619774946471,0.141357028896,1.49407907316,-0.205158263766,1.0
82,-6.58975825035,0.242117960985,0.936742463535,-0.888720257354,-2.36958690523,0.375052822664,-0.963485662601,-0.361358017355,0.864052300498,-2.23960405866,1.0
83,-1821.71394508,-0.912822225444,-1.31590741051,1.1170162881,-0.0682416053246,-16.3685523338,-0.857907756921,14.0427080167,1.71334272165,-0.744754822048,1.0
84,112.192678936,-0.68944918455,-0.521189312301,-0.652293599935,-0.47797400404,1.3647051815,-0.708775840592,-0.967270062177,-0.479655814008,0.620358298344,1.0
85,3.70743037967,-0.433554332733,1.71405146977,0.0379960134535,0.76699045056,0.0495390958594,-0.0634762791415,-0.00314455747719,-1.02600725163,-0.459626442269,1.0
86,-223.710185019,2.2542836988,0.259832495003,0.672636718568,-0.678329837874,-0.991607151878,-2.09840609064,2.08079448702,-0.0832883957,1.60286362938,1.0
87,29.2385032646,0.141036731549,-0.702834596233,-0.94181547441,2.92524958407,-0.321960724151,1.15774060932,-0.372747004955,0.571751991211,-0.0458755492034,1.0
88,-850.87038652,1.01069371599,-0.39522206585,-0.743227540017,0.0896198578393,-8.29311224026,-0.154128013829,1.27820091805,-1.9058178748,-0.568085720287,1.0
89,-28.0926283931,0.367544896022,-0.851729197254,0.190311557594,-0.521579677993,-0.364875330891,0.136824297236,-0.0499238107278,-1.18468659041,0.960693398461,1.0
90,0.328484857924,-0.160286220429,-1.50265036351,0.00235326449082,0.265040602239,0.00887888297468,-0.00313008818877,-2.77916867285e-05,1.129723359,0.34900356209,1.0
91,-417.615331045,-0.0278483805067,0.0600090669571,-0.741055533404,0.17282467544,-4.28790351561,0.1071563182,-0.45947595353,-0.41500167111,-0.853128624862,1.0
92,-39.1287064176,1.71483160868,0.172339139229,-0.83218603415,1.39856209213,-0.595029737211,0.360426901599,-0.214464724542,-0.397912098591,0.782578880842,1.0
93,-38.3728394118,0.108647124713,-0.953179498015,0.66833898636,-1.34550772802,-0.496718801715,0.187792064605,-0.093279849302,-3.39229999342,0.155793930732,1.0
94,555.338254927,-1.54847105073,-0.0184290501934,1.31142712635,0.236225489568,5.55159025703,0.0321139054685,0.178283244714,-0.752582284337,0.045113003813,1.0
95,-10.5740751772,1.30477318625,-0.139537935486,-0.093237700741,1.03410537932,-0.0901626687239,-0.0444854441864,0.00401092636722,-0.29245962379,-0.834349367987,1.0
96,906.873729538,0.852889097269,-1.03316477529,-2.14811847823,-0.224092367063,9.58586187645,1.12787867409,10.8116891832,1.96772968214,0.447683215743,1.0
97,-49.4571887307,1.02017271172,1.53637705425,-0.692049847784,0.608843834475,-1.1366623239,1.01721701261,-1.15623225346,-1.04525336615,1.21114528968,1.0
98,-81.9237887687,0.175818953296,1.04797215597,0.49869027491,1.74266878066,0.28616469202,-2.34770972749,-0.671831631121,-0.222605680948,-0.913079218042,1.0
99,76.3135354444,0.596906481248,-0.401234709911,-0.987286693458,-1.04312949804,0.94646608625,-0.462190842428,-0.437447957734,-0.857078188671,0.677462169346,1.0
100,219.458834093,-1.07836109082,-1.18488744457,1.06160017004,0.83038600534,1.27844178877,2.41112725977,3.08248584693,-0.521696524948,0.777607281342,1.0
101,2098.96144407,-1.53292105343,0.0461350589557,-1.71197016409,-0.0808116129437,21.1847047934,0.112212588618,2.37719056399,-0.70385903599,-0.770784300707,1.0
102,-859.29019465,-0.796775306306,-0.0617433014579,1.54806680138,-0.18375573025,-8.42459061969,-0.115911524774,0.976507144323,0.824618219638,-1.31284967455,1.0
103,952.224485581,-0.461893815354,1.71083658255,-0.626490223149,-0.0636614887895,9.84096091783,0.67839843097,6.6760924459,-1.57993052967,-2.83201186991,1.0
104,327.335932667,-0.157667016164,-0.704700275856,2.2567234973,0.747188334205,3.02028738136,1.33758393449,4.03988787886,-1.1889449552,0.773252977403,1.0
105,352.141796958,1.75647864303,-0.382038121166,0.648040434555,0.186970608213,3.46600163923,0.234551218634,0.812954908268,-1.05553128864,0.595611953295,1.0
106,-9.82773307031,-1.21286781621,-0.28219587669,0.283769554383,-1.6193599829,-0.175235622332,0.156697177394,-0.0274589273984,-0.51104046358,1.7406294459,1.0
107,-15.5101201721,-0.0856149542305,-0.390797996081,0.252331431385,-1.40610477139,-0.179454217437,0.0614496479634,-0.0110273984871,-1.60473852986,1.45871474968,1.0
108,205.564179961,1.32896074755,-0.65971124721,0.217903387122,0.72717487002,0.299657477321,3.69495391802,1.10722056989,-0.0389053066638,-0.0445993927256,1.0
109,-79.7611843459,1.08259137047,0.368888707586,0.368003659281,-0.384717852094,-0.956554673192,0.241981631543,-0.231468660479,0.561002888498,0.777433933794,1.0
110,119.975085137,-0.0720730213221,0.86270743407,0.884114654716,0.643904073501,1.37305336478,-0.529310525702,-0.726771598329,-1.44099209851,-0.805298391852,1.0
111,1371.96395059,-0.739935852965,-0.323457472483,1.31513766572,0.0977508024222,13.4539833243,-0.303520512368,-4.08355991197,1.40152341601,0.158433846786,1.0
112,235.510954114,1.69727169838,-0.945897226457,1.07250084728,2.2896278526,0.468417103708,4.18243412436,1.95912367898,-0.242556259502,0.721031921293,1.0
113,-10.0227470823,0.164227755487,-0.222675100515,0.567290277853,-1.61647418865,-0.350942985564,0.432848688231,-0.151905210945,-0.291837362748,-0.761492211812,1.0
114,-14.1763097261,-0.978829859359,0.181338429218,-0.439189521802,2.41245367954,-0.18205096559,0.0829167878205,-0.0150950812863,-0.960504381633,-0.793117362708,1.0
115,-409.450915458,0.445393250895,-3.0461430548,-0.39238899815,0.439042957672,-0.893737141874,-5.44441752222,4.86587815548,-0.219541028331,-1.08403662067,1.0
116,-181.228823967,-0.418401159736,-0.923442968326,-0.519857268136,0.374948361561,-1.38647696971,-0.681571062882,0.944982581909,-0.704341139079,1.07470385797,1.0
117,-1.25879407075,-1.64155395485,0.694176720392,-0.890025551773,1.50575323876,-0.591083272388,1.0374473145,-0.613217753587,-0.595533874306,0.119071080872,1.0
118,109.62216643,1.44030364102,1.62643149099,0.990322810656,1.51488229389,0.653729213582,1.00396794967,0.656323178197,1.60432631942,0.20806952963,1.0
119,92.9062004848,0.370055887848,1.65813067962,-1.30652685174,-0.680178203997,1.92085962775,-3.25097127316,-6.2446594696,0.666383082032,-0.460719787389,1.0
120,-612.383771561,0.672294757012,-0.769916074445,0.407461836241,-0.674332660657,-0.604244551708,-9.85566808917,5.95523374633,0.0318305582744,-0.635846078379,1.0
121,-0.193600531033,0.024792659251,2.11201962362,0.501249396289,-1.22080886142,-0.410587940611,0.775601372369,-0.318452570216,1.3649389996,-0.870938890625,1.0
122,-10.4615708549,0.50099223218,0.93610755011,-0.480249034995,-1.19809288019,0.400844578025,-1.10551312506,-0.443138942114,0.406657087467,1.20169785567,1.0
123,-1277.43664543,0.286904488003,0.317160626293,-2.32059427579,0.225608654471,-10.2859275555,-1.63660513805,16.8340018869,0.449712100232,-0.067275608923,1.0
124,-349.03193342,-0.71128575561,0.104827802827,1.12795662493,-0.334621605954,-3.37084218372,-0.134432676443,0.453151336625,-0.879557097311,-0.300006659012,1.0
125,-16037.7678226,-1.6134230115,0.864121331378,0.464642398866,-0.00296475143832,-156.722210456,-0.225941224448,35.4100081286,-1.77704360638,0.129492835941,1.0
126,-2119.95450786,0.884027197426,-0.984209002273,-2.01954008539,0.48693730494,-4.14743348866,-18.6366592067,77.2943045106,-0.10665267366,-0.49321438711,1.0
127,-82.4993637394,-1.63263452623,-1.17915793064,-1.56776772431,0.89526027289,-1.75118652283,1.34450476976,-2.35447863268,1.37496406639,-1.33221165459,1.0
128,24.8551558167,-0.59005764587,-1.66069981187,-0.110489405066,-0.37914756288,0.291415311302,-0.105311264389,-0.0306893148954,-1.74235619781,-1.30324275411,1.0
129,492.704730409,-0.0570428676622,-1.8269113783,0.87672677369,0.949405523793,0.923448149098,9.81104787308,9.05999399911,-0.163254948833,-0.086455282711,1.0
130,281.539058876,0.700680109094,-0.206974474924,0.696650654336,0.677245916416,1.02865242514,4.51845951668,4.64792433972,-0.0319110756341,-0.173608235719,1.0
131,160.210315989,-0.99312361093,-0.249458580161,0.841631264074,0.493836776281,1.70427012425,-0.326360048712,-0.556205680769,0.643314465063,-1.57062340863,1.0
132,54.8340620836,1.46657871557,-0.598653936923,0.852551939461,0.766663181645,1.11202932379,-1.43248347977,-1.59296363535,0.356292817472,-1.76853845068,1.0
133,-113.220869199,0.566869372441,-0.506273533174,-0.716444157586,0.763541466486,-0.938317287316,-0.327045021111,0.306871997039,-1.10907273179,0.192616110035,1.0
134,39.2769102325,-1.32273311952,-0.381735087241,-0.448282799159,-1.00076049025,0.447942143527,-0.10723629171,-0.0480356543726,-1.59577761144,-0.130223166467,1.0
135,178.841376874,0.449616791495,0.749299555006,-0.411050445832,-0.260651140697,1.57701379988,0.597827814512,0.942782713435,-0.515198370954,1.07921677639,1.0
136,-82.5859180749,0.989679441936,1.13638807754,0.585850805818,-0.974167435043,-0.601386152671,-0.411039214167,0.247193291605,-1.61968456537,0.572627017205,1.0
137,2036.73102063,-0.971342319833,-2.08359233929,-0.864048138947,-1.48247596074,0.582841247904,44.7947494225,26.108227653,0.0401905157703,1.36940215272,1.0
138,-211.034996159,0.0950026624748,0.344046137995,-1.68320680701,1.19341458514,-1.41041246518,-1.09805346748,1.54870829797,0.527388527565,1.00670392392,1.0
139,173.204499788,0.108815270914,-0.480033656818,-1.49541087526,-0.788068034515,1.89756570469,-0.498286432543,-0.945531245507,-1.4406323432,0.149471758558,1.0
140,381.930290795,-0.617342346552,1.08094666985,0.521494241311,0.138071644446,3.77698290916,0.467962182566,1.76748516569,1.20460046665,2.88146071316,1.0
141,7.14491296548,-0.217163115724,-0.838311155699,0.136031217374,-1.2595961688,-0.107995896418,0.342700175588,-0.0370102126652,-0.332758764575,-0.204007872477,1.0
142,131.376821726,1.16153380356,-0.18670911181,0.990909173685,0.806563767896,1.22855651732,0.221519864668,0.272149673454,-0.835192690191,-0.946740410957,1.0
143,-81.3109983696,-1.5826856418,0.225840478603,0.960557224457,-1.09857072756,-0.874369943021,0.0934732498792,-0.0817302001709,2.32079983928,0.117090872155,1.0
144,-75.8317095825,-0.102762685018,-1.999267592,-0.182314255423,-0.842494497091,0.216398155777,-2.08743689769,-0.451717494962,-0.17461365315,-0.219244151857,1.0
145,221.495615056,-0.202381213719,-0.784784729061,-1.40918478156,-0.484210421739,2.91027354697,-3.37250930746,-9.81492462442,-0.32791805631,-1.3280046273,1.0
146,-301.946307762,-0.26988113357,0.183753495432,1.26713094062,-0.439583550479,-2.88257133198,-0.16208356133,0.467217427275,-1.43654135927,1.08579722471,1.0
147,-5.12218469111,-0.749690344703,-2.58279663297,0.0328087476137,-0.347961855921,-0.0942883452753,0.0626119554321,-0.00590357767215,-1.35338885815,-1.03264310189,1.0
148,372.633430358,-1.05595935907,0.891515319989,0.580932588854,1.14643201387,0.506730954672,7.19467806268,3.64576608326,0.071985194936,0.208233170711,1.0
149,86.2457711307,-0.587218564025,-0.58634691092,-0.642851298963,-1.01888559936,0.630935700111,0.540476955786,0.341006206493,0.697409703212,-0.70351531562,1.0
150,-19.3379471396,1.79691852257,-0.447914838416,-0.204338936903,1.4198639722,-0.143914445964,-0.0948355768577,0.0136482095012,-0.965106608064,0.679567865765,1.0
151,-80.4473356528,0.770673054463,1.82191509786,-0.130439733783,0.420918284176,-0.309893246949,-0.963698351356,0.298643611181,0.246602186261,-0.625557035109,1.0
152,-56.8022399502,0.696438673391,0.651781261701,0.338225473685,-0.766704854537,-0.441141687944,-0.219500189826,0.0968306842439,-1.00432271221,-0.998191728232,1.0
153,-20.2172050952,-0.0548881847544,-1.26634267696,0.522557601999,-1.3897810189,-0.375999956032,0.338713340692,-0.127356201207,-1.95367856262,0.295779088507,1.0
154,16.0144977815,0.124769521043,-1.02729687708,-1.01267312377,-1.36939112405,0.739506125011,-1.35753421768,-1.00390486889,-0.766327598964,1.28151134036,1.0
155,-6.32135014512,-1.73173134647,0.431633852811,-0.0501074587903,0.818353730827,-0.0612295843506,0.00918920133045,-0.000562650977977,-2.35364039969,-1.00514443096,1.0
156,14.4386687612,-1.10461659753,1.57886519442,-0.030936257274,-0.566439853732,0.0546152553888,0.158744116094,0.00866985044192,-0.307691277367,0.269024073176,1.0
157,-68.9841544511,0.0972192320029,0.701041341165,1.01566528154,-1.09749665477,-0.925438157034,0.415827355002,-0.384822501057,1.71230522134,-0.792115020565,1.0
158,-1692.99025111,0.431885484145,-1.2775883723,-1.01368927252,-0.463235855313,2.18827895314,-67.953777986,-148.701822153,-0.0190582137753,0.20565667402,1.0
159,-148.302077584,0.796560723859,-0.5416783487,0.133179885109,-0.0925281249237,-1.43934490426,-0.0610274363674,0.0878395295552,1.18210209277,-1.57065459368,1.0
160,19.7105613435,2.28560118153,-0.913594509977,0.375927425767,1.07993121714,0.348103119717,-0.313887400202,-0.10926518325,1.09416699144,-1.09424095304,1.0
161,-69.4988773568,-0.631191941747,-0.332811764852,0.568458918924,-0.968186063907,-0.587138092683,-0.227569104816,0.133614490155,0.831351057985,0.487972682663,1.0
162,-134.314473761,1.18789390036,-0.306872960989,1.0160273926,-2.12924567153,-0.477177155358,-1.59838136596,0.762711073386,0.195066922733,0.361002365735,1.0
163,1.46586832841,-1.32281170078,0.28167455748,0.0232116043253,0.478124996363,0.0485471466705,-0.0702096472086,-0.00340847804072,-0.0931227920474,-2.09655748122,1.0
164,-113.237776468,1.85855618859,-0.469546358521,-1.00934098738,1.14045967394,-0.885029966814,-0.399477052803,0.353549162785,-1.18638200068,-1.06514810438,1.0
165,-113.953112268,-0.792286661806,0.365848787917,-0.531605908011,0.481115126389,-1.10494532151,-0.0704829096143,0.0778797612248,2.75935511402,-0.0746679782511,1.0
166,7.76616580081,-0.28688719239,-0.107305276291,-0.0616264020956,-0.812992988554,0.0758018863179,0.024089049405,0.00182599538451,0.274516357724,-0.890915082996,1.0
167,-38.4965370117,-0.837776259385,0.0807198904339,0.909188495331,-1.11290589487,-0.816950022028,0.769187222144,-0.628387518075,0.0954118758269,2.33740966148,1.0
168,-141.671885574,-0.296231654398,0.159234201228,-1.71405659272,1.66504940679,-1.02943287192,-0.662029564351,0.681514995726,0.412272271661,0.537396746877,1.0
169,90.5308741481,0.766919669661,-1.77588799996,0.40262553113,0.301989210358,1.33324475617,-1.17571370911,-1.56751413743,0.608156427601,1.11496232295,1.0
170,38.0800794759,1.05980629493,-0.114335159872,0.0262466178616,0.21035936663,0.124770378815,0.506277338476,0.0631684153068,-0.00592740583323,1.3660600684,1.0
171,329.377586137,1.40536543872,-0.824409121328,1.618054269,0.547480572105,2.95545513657,1.63915918042,4.84446141944,-0.813794483231,-1.44911761074,1.0
172,-178.223799478,-0.458229153702,0.12916217424,-1.13832395822,0.705081101494,-1.614458189,-0.266610063685,0.430430800585,0.551473546801,-0.812516046186,1.0
173,-99.8987954364,-0.349782180112,0.505386938577,2.02347194977,-1.58249447798,-1.27865972231,0.455801136762,-0.582814554959,2.24360189458,-1.42279490863,1.0
174,0.579886219136,1.52377119762,-1.44846686325,-0.0572811997905,1.22666397379,-0.0466967327765,0.124513175079,-0.0058143584638,0.66635454225,0.826125708431,1.0
175,-825.260528018,1.56561585965,-0.802917411439,-0.7244850748,-1.52439514975,0.475260679568,-19.3042765259,-9.17456358027,-0.0301333064776,-0.0647283846154,1.0
176,24.7503458264,-0.387326817408,-1.04855296507,-0.302302750575,-1.70627019063,0.177171676699,0.162489462518,0.0287885305202,1.95077539523,-0.509652181752,1.0
177,-144.73551099,-0.665041618159,0.319649783134,0.731551581862,-0.453337432139,-1.61370213444,0.261944851451,-0.422700965891,0.892708152874,-0.473604056964,1.0
178,8.62892955559,1.10455442147,-0.422498716825,-0.0661152259532,-0.58690264518,0.112651095537,-0.0446182078923,-0.00502628999997,-0.62605827189,-1.33019441232,1.0
179,25.7532791369,0.267050869349,-1.16809349774,-0.0392828182275,-0.171546331222,0.228992470708,0.0594539599796,0.0136145091891,0.771790551214,0.823504153964,1.0
180,-33.9057535876,0.498654645649,-0.353366888715,-0.557687460026,0.843988913358,-0.660775812572,0.574582401031,-0.37967015293,0.342976537867,-1.87311966237,1.0
181,-145.922468736,-0.99848464493,0.20462089342,-0.686219513921,-1.59221062832,0.430985387057,-4.10692615463,-1.77002515837,0.0341897674157,-0.781484658962,1.0
182,2350.96741573,-0.584093546795,-2.4375643592,0.335105620196,0.0137484873355,24.3739992639,0.442804250609,10.7929104784,-1.84470116363,-0.36111313474,1.0
183,-103.431903476,-0.30068611487,-0.278110738816,0.615771634235,-0.560841383769,-1.09794257709,0.14079760963,-0.154587690366,-1.21630405935,-0.10978162841,1.0
184,110.118447972,-1.74418775655,-1.41660348243,1.66060755989,-1.18842442158,-1.39731860919,3.89577403699,-5.44363755908,-0.603839552796,-1.14955406326,1.0
185,-1070.04375862,-0.159939787757,-0.598150452516,-0.831957493217,0.417853703217,-1.99102577484,-12.4350724984,24.7585498564,-0.0400187253516,-1.25978734341,1.0
186,89.4465760327,1.04888051642,0.871264269615,0.568610832711,1.17406185381,0.484310797482,0.932745318266,0.451738628937,0.531131373329,0.151900529115,1.0
187,-5078.02641887,-0.355951493047,0.926558300967,2.54023162076,-1.11694955375,-2.27425814553,-66.6824392585,151.653080648,-0.0352967396029,0.241203964219,1.0
188,-8.36578912975,0.00271753989068,0.543453439583,0.0222126645165,-0.34404562885,-0.0645631353921,-0.0230999705774,0.00149140652794,-0.522578541532,-0.307131720159,1.0
189,0.723965799414,0.879389941913,0.542610783499,0.635424526554,-2.99461286023,-0.212189206489,0.391387784379,-0.083048263397,0.880937561081,1.80813181058,1.0
190,-92.8606089021,0.75102530419,0.837547914146,-0.899112938427,0.472789656022,-1.90171871777,1.42868934271,-2.71696526492,-0.527091610224,-0.536270144087,1.0
191,-240.597350619,0.00238519791524,0.514004179816,-1.26149174679,0.739304533133,-1.70632221264,-1.0472532932,1.78695155645,0.619154921605,-1.87431349674,1.0
192,-21.2798023742,0.480969850035,0.852829768274,-0.635430438619,1.00441919226,-0.63263470423,0.746062066399,-0.471984754713,-0.726365832186,-0.172458596681,1.0
193,52.0638577919,0.0972508769778,-0.199280054915,0.41391367011,0.738607028993,0.56039768627,-0.0632447939904,-0.0354422362208,1.30421389185,0.104811608072,1.0
194,179.515428239,-0.200353480005,0.493644087525,-1.71404611605,-0.839129402842,2.04264814252,-0.854570706894,-1.74558726709,0.990121383879,-1.36475823008,1.0
195,-28.8182227342,-0.369181837942,1.09965959589,-0.239379177576,0.640131526098,-0.373953114035,0.162797010224,-0.0608784489287,-1.61695604431,-0.0243261243989,1.0
196,300.629255314,0.562989718586,-0.500409667304,-1.19498680527,-0.40801470904,2.92878364136,0.336956619604,0.986873035344,1.77465856097,-0.393153194754,1.0
197,-236.110544205,0.589703605575,-1.96273200914,-0.896369722552,0.64796779101,-1.38335536888,-1.54461886851,2.13675680462,-1.13900819312,-1.21440138296,1.0
198,-5.22263828476,-0.888188211086,0.424252618101,-0.221574398204,1.62950004323,-0.135976920727,0.1209471525,-0.0164460213678,-0.777228042155,-0.300003576938,1.0
199,-215.440580023,1.5507206012,0.235620857968,-1.09522555551,0.564287129293,-1.94090118072,-0.326859428047,0.634401849825,0.789507546406,0.15617505726,1.0
200,28.8903663707,-0.413217028352,0.694128708138,0.153288469132,0.663965075526,0.230868271213,0.129430710629,0.0298814444047,0.822076356797,-0.213215236872,1.0
201,-111.671248948,0.56705821252,-0.51390295028,0.988240573743,-1.16909574732,-0.84530336887,-0.460224751147,0.389029532582,1.10350376673,-0.575255994806,1.0
202,77.5589014107,0.150698143787,0.0059388143865,0.695518311496,0.907204868183,0.766660691415,-0.00488567798718,-0.00374565726368,-0.845441342068,-0.526243340773,1.0
203,59.1506695263,-0.172482317107,-1.548796137,-1.46173834222,0.793007070697,-1.84328538323,3.54835332038,-6.54062781,0.638024033495,0.34002459826,1.0
204,-78.951882752,0.0726778991038,-0.377546919059,-0.205834025219,0.342427351287,-0.601102757841,-0.347819694375,0.20907537752,-0.223426112195,2.46432193352,1.0
205,45.9698146627,-0.175316402327,1.99795607975,-1.42191987164,-1.54158739967,0.922373828395,-1.09501485064,-1.01001303993,2.59442458777,-0.404032293851,1.0
206,-6.74571594922,-0.509005838591,-0.547355574299,0.115665074046,0.792041498423,0.146034108411,-0.439327369457,-0.0641567806991,0.144106485123,0.233458079662,1.0
207,-280.842625284,0.907698797988,-0.200808513996,2.68057084077,-0.74013679074,-3.62172354396,0.951871857197,-3.44741671604,-0.565497806375,0.476031383438,1.0
208,-42.6657365468,0.289005892395,0.33625402037,-0.553642389931,1.59540416858,-0.347023281521,-0.154166768308,0.0534994578397,1.20755258416,0.537380193359,1.0
209,22.4051655861,-1.17762896248,1.75498615374,-1.14019630093,-0.765702194478,1.48908584716,-3.60035202335,-5.36123324276,0.555786964083,0.0103493145663,1.0
210,-218.799937903,-0.784221382534,-0.343235054455,0.73129362084,-0.405472457141,-1.80355929968,-0.578435273503,1.04324231679,0.43393896823,-0.183590763471,1.0
211,19.7411714383,-1.06122228745,-0.858919907808,-0.222477010243,-1.79422927149,0.123995864842,0.144059901187,0.0178628320367,1.32646164237,-0.964606424206,1.0
212,-710.092655308,0.00322221644316,-0.555985031879,-1.0574736478,0.183450253582,-5.76436187553,-1.24896205899,7.19946927682,-0.470742498183,0.27279638953,1.0
213,-150.364989999,0.612680785391,0.644001698895,-0.583211294816,0.751099597795,-0.776476643748,-1.2507781297,0.971200004222,0.300284323621,2.11060853359,1.0
214,190.632900409,-0.971104570444,0.82158571205,0.314817204516,0.800564803431,0.393243873783,3.30499282174,1.29966818005,0.0782601751617,-0.395228982654,1.0
215,-423.647356768,1.36759723981,-0.996212640371,1.03440988648,-0.304963637854,-3.39191220881,-1.00151293415,3.39704394862,1.02893549259,-0.07228700756,1.0
216,-232.989786711,-1.00033034895,0.161559267238,1.67398570701,-0.790523021833,-2.11756730769,-0.298079872112,0.631204192266,-0.907300121525,0.224252220966,1.0
217,-17.7950433991,0.889513553006,-1.46591432851,1.54093297541,1.94604950255,0.791826196298,-2.3135169626,-1.83190333657,0.97638174452,0.177158337341,1.0
218,-86.5500221335,0.69153875107,-0.725597378464,0.694749143656,-1.58293839734,-0.438898408697,-0.825893165107,0.362483195919,0.610379379107,-1.18885925778,1.0
219,118.508442404,-0.0943925064112,-0.898321971432,-0.983118183746,-1.84653198166,0.532413298826,1.46184895877,0.778307826526,0.604136740443,-1.62958360275,1.0
220,88.5169265142,0.00257118243151,0.164643809526,1.04008624505,1.47376481514,0.705734208315,0.440109010481,0.310599984084,0.389093968866,1.17104106462,1.0
221,-16.7212008454,1.4693587699,0.378162519602,0.154947425697,-1.98079646822,-0.0782248091526,-0.168419841103,0.0131746099278,-0.347912149326,0.156348969104,1.0
222,1.23552060341,0.176892446052,-0.253217367055,-1.08801454142,-1.83956678597,0.591451503537,-1.30306003941,-0.77069681951,-0.211428613542,-0.229663243291,1.0
223,393.683371988,0.150115227006,-0.643257601789,1.58776152375,0.99675964282,1.59292316376,6.8654035521,10.9360603467,-0.148766152234,0.0960042049698,1.0
224,-24046.9104266,2.12096240535,1.4379410041,-0.832290607381,0.683497818976,-1.21769314294,-384.766500458,468.527529241,0.00311041837129,0.654393420891,1.0
225,-481.896130981,-2.37219387151,-0.112443756019,-1.38174500949,0.295075783302,-4.68267844292,-0.141402492751,0.662142404578,-1.09876845667,-1.40025620813,1.0
226,33.4170777342,0.370825001281,1.51999486077,0.142061805187,0.92950511148,0.152835959085,0.370876148115,0.0566832117989,0.582224591398,-2.09460307121,1.0
227,-450.362104241,-0.302249730455,-1.22619619178,-0.375147116661,1.67094303279,-0.224512212146,-8.19489067453,1.83985303363,-0.0561330204488,-0.0013850427351,1.0
228,-19.3614965753,-0.0365972929162,0.419524108426,-0.0842232965274,0.496615198484,-0.169594681726,-0.0349101321246,0.0059205727467,1.01213318982,-0.0441397188478,1.0
229,-195.416402488,-0.360029732824,0.962222381212,0.617493881568,-0.235804205384,-2.61867204855,0.87533265208,-2.29220914918,0.678789294212,1.15361803158,1.0
230,-1.61067545626,-0.382834871691,-0.0622048006599,0.000340957933682,-0.177927346121,-0.00191627617179,0.000100222987106,-1.92054922056e-07,-0.211620316961,0.267483863059,1.0
231,49.7208019212,-0.308802909345,-0.174292134066,0.19867297015,0.417053888992,0.476372419473,0.0569648984462,0.0271365064978,-0.607867948389,1.04798661479,1.0
232,73.975166658,0.241738288293,0.501992663857,-0.145151819115,1.01227504276,-0.143391680111,1.72759925107,-0.247723359169,-0.0421771127166,0.622010464763,1.0
233,-39.0859961875,0.5698443178,0.0522789511343,0.74155105096,-1.99597686916,-0.371522868035,-0.0437447533593,0.0162521762295,-0.886220819175,0.217266684693,1.0
234,-537.156781563,-0.132568014654,-1.99863947558,-0.289005210954,0.0470660946585,-6.14041196856,0.700518059338,-4.30146947575,0.824557219564,0.531178366536,1.0
235,6.44402736048,-1.60184095207,-0.157305288281,-0.0379070611841,-0.625245922557,0.0606274424455,-0.00809647341087,-0.00049086847573,-0.736491171506,0.55504794241,1.0
236,7894.06079457,-1.5306162444,0.279196492514,0.327623179235,0.0041749990825,78.472635026,-0.0616594292708,-4.83857788908,-1.48349155337,-1.47979561532,1.0
237,-3841.0423254,-0.13609770601,-1.25709642424,-1.70554240638,0.0843379251781,-20.2227218986,-7.20263323611,145.656848871,-0.297673252291,-0.339032875691,1.0
238,-759.472929651,-1.54275794044,-2.3696232933,-0.767332182791,0.128957050592,-5.95029259175,-1.50562122269,8.95888680732,-1.20766643472,-0.545443590835,1.0
239,501.208159163,-1.21352360275,-1.63379601765,-1.20288832452,-0.241653162631,4.9777470794,12.3873321519,61.6610064409,0.158651930066,1.17818936448,1.0
240,1769.3407376,0.112737941236,-0.647053526383,0.657267690305,0.0389087058562,16.8925610822,-0.678760999025,-11.4660116362,0.626564250745,-1.55799852818,1.0
241,177.527801613,1.64867347338,-0.783129539097,-1.75755174948,-1.11093222441,1.58205128167,0.576952636936,0.91276865873,2.38562163234,-1.17894422212,1.0
242,74.875886176,-1.68472895887,-1.42693768543,-0.499416761022,-1.01245715274,0.493271996418,0.569849502596,0.281090801803,1.25056983254,-0.234538034909,1.0
243,-6.09598368045,0.929145147769,-0.989822549547,0.371172552649,0.688896666608,0.53879278365,-1.33769780851,-0.720741925928,0.274647203612,-0.603620436019,1.0
244,85.9942452101,-1.5422881508,-0.11858662355,0.862148056884,0.96593611846,0.892551836926,-0.071867626718,-0.0641455822427,1.42260474897,1.96122698937,1.0
245,-1417.10889835,-1.2825034143,0.557486795905,0.420141622212,-0.386003362209,-1.08844031774,-21.4601571927,23.3581003136,-0.0109143378909,-0.730806763174,1.0
246,-100.857309669,-0.18808973805,1.17782950471,-1.0357477262,-2.26366030104,0.457554397946,-3.25298515324,-1.48841766332,0.37501991982,-0.0823436467914,1.0
247,-1513.46258725,0.5401230264,1.60026781875,2.29046707053,-0.412271754605,-5.55572154762,-9.0848365671,50.4728222724,-0.403459183421,-1.83002855043,1.0
248,-107.920483473,-1.09103297738,3.80166021497,-0.126855872963,0.139826597768,-0.907237070685,-0.277344754391,0.251617442544,1.73885720801,-0.0453833641463,1.0
249,515.833158692,0.402341641178,-0.870797149182,-0.68481009094,-0.311552532127,2.19805657256,10.6174137154,23.3376760008,0.0561653422297,-1.16514984078,1.0
250,214.53373923,-0.858972388444,0.0745864065436,-0.898942156466,-0.424663302433,2.11683503452,0.080785211008,0.171008964933,-0.829964597538,1.41117206389,1.0
251,2588.87151365,-0.0286832374976,0.0242143101407,1.68345794867,0.0647857392939,25.9850079203,0.0431426590098,1.12106233607,0.944860001993,-1.6144609727,1.0
252,-30.9994981197,1.81782641326,0.907658624947,-0.334062948363,1.61272859475,-0.20714145545,-0.200250095512,0.0414800962385,1.51418213101,0.231018682217,1.0
253,-15.0445444597,-0.200907533201,-0.0472777156962,0.122531317653,-0.784687411429,-0.156153030963,0.0172626190177,-0.00269561028198,-0.335580643583,1.89618222863,1.0
254,-71.6221922145,-0.663478286362,-1.07993150836,1.12663592211,-0.437820044744,-2.57328538433,2.44299267858,-6.28651735381,-0.498032450692,1.92953205382,1.0
255,-4675.18301883,1.11728346569,0.0186273706614,-1.56390463484,0.0305465810406,-51.1973707552,0.789822195563,-40.4368197769,-0.0368835308451,1.26976475031,1.0
256,-21.0954563682,1.96676397193,0.0865831801654,-0.196233964944,0.9341797485,-0.210060178738,0.0122102022284,-0.00256487726252,-1.3915052694,0.869006342819,1.0
257,140.419655642,0.0785140251742,-1.24021633641,0.417800583206,1.80224222979,0.231822657521,2.4877588505,0.576718867995,-0.208285103095,1.57437123748,1.0
258,1926.71213612,0.324869615796,0.0306018243385,0.997117980792,0.0515749427699,19.3333802665,0.035183271726,0.680211571297,0.867276628808,-0.848320522805,1.0
259,0.657407489616,1.54279633829,0.374155085971,-0.00041732641262,-0.79959349967,0.000521923218225,-0.000103295008696,-5.39120633653e-08,1.51163934988,1.70646824726,1.0
260,72.2744527381,0.793880362308,0.043995511444,-0.699215279087,-0.902071971413,0.775121388587,-0.0958329749843,-0.0742821886423,0.320999466185,-1.39201591656,1.0
261,95.9542745214,-0.226122469764,1.95176101227,1.92580573746,0.93858513625,2.05181785123,-3.68771971207,-7.56652913556,-1.01925114951,0.512562231426,1.0
262,254.329890449,0.222905819624,0.650084514372,-2.15735637349,-0.78027986839,2.76484946093,-0.964531973516,-2.66678570703,1.45403574884,-0.256869697332,1.0
263,-40.1045828584,-0.0815485133405,1.22296476192,-0.553061911068,0.599986743162,-0.921790218486,0.880257563394,-0.811412811685,-0.768383319298,-0.836130126828,1.0
264,2953.24011441,-0.51423396594,-0.0778547559409,-1.01804187529,-0.034242280532,29.7305512212,0.0722940938366,2.1493432598,1.09634684567,-0.234215801345,1.0
265,-108.424435143,-1.36985950195,0.183428646668,0.779460531259,-0.584375275311,-1.33383557483,0.39107967755,-0.521635986507,0.365591460225,-1.66777989288,1.0
266,-190.021963918,2.29488116626,1.23125355959,-0.173350208377,1.03131910436,-0.168085908275,-3.3617332838,0.565059992386,0.0634904803868,-0.221390498347,1.0
267,67.8785027167,-0.815791541994,-1.05188010255,-0.507517601657,-2.24532164837,0.226033362314,0.946524092598,0.213946023161,0.564008535074,-1.28455229799,1.0
268,-71.0729113644,-1.37057191796,-0.507036632125,0.31056471042,-0.392567257965,-0.791112106573,0.144172402657,-0.114056533176,-1.09221794134,0.698650234308,1.0
269,356.612465211,-1.77223111998,-0.946220620356,-1.69240573706,-1.11852587259,1.51306802867,5.8850664098,8.90450583129,0.272110643262,-0.463704447134,1.0
270,-0.0326444707077,-0.746916337063,1.7476682305,-0.00484166133505,0.605221358332,-0.00799981902224,0.00735405549491,-5.88311130388e-05,-1.15060563575,2.55444941875,1.0
271,24.2816319612,1.32435875,0.730351790377,-0.172200792697,-1.01482590773,0.169685057688,0.208800441986,0.0354303150437,-0.602331853583,0.921408397811,1.0
272,212.909270958,-0.67559382763,2.04207214983,-0.993361375423,-0.578918139943,1.71589263988,1.19862386777,2.05670987269,-1.69237043747,0.72934634628,1.0
273,-23.2482486735,1.4028447401,0.319118400086,0.335844721405,-1.63842362574,-0.204980394648,-0.0603326486029,0.0123670101208,-1.77638861635,0.215553053789,1.0
274,-121.347689741,0.314033843647,1.01226051007,-0.745023216808,0.928741924807,-0.802185404694,-0.697611983525,0.559614151324,1.08105594409,1.57233031754,1.0
275,-372.40407553,-1.27431936773,-0.307068486841,-1.40233053289,0.405080273184,-3.46185836664,-0.305220016355,1.05662846729,-1.41082331338,0.164912729255,1.0
276,-480.806823176,2.11679102148,-0.0357680718602,-1.61087840345,0.330576756274,-4.87293305677,0.0606986869034,-0.295780637914,0.949246473558,-1.50239656938,1.0
277,-594.725768394,-0.643618402833,0.625231451027,-2.22340315222,-1.10438333943,2.01325307332,-26.6488923007,-53.6509643249,0.052165079261,-0.739562996391,1.0
278,-144.092090354,-1.00940058025,0.412598415075,-1.03686716112,0.877924169325,-1.18104410079,-0.387588171453,0.457758723431,1.10377400249,-0.210207540501,1.0
279,21.6913357401,-0.267747797531,-1.20324345538,0.213176263766,0.108648203695,1.96207812478,-5.81255795416,-11.4046928109,0.0441290987963,0.338315539226,1.0
280,151.6352446,-1.77669101893,-2.3132019337,-0.934783026231,-0.342284559761,2.73101137511,-5.34843369962,-14.6066332727,-0.404294420629,-0.0631298999764,1.0
281,104.115038745,0.0864525240076,-1.01827932557,0.247706378467,0.207217393411,1.1953937572,-0.432226323484,-0.51668064879,0.583569926909,2.92909624176,1.0
282,404.111974114,-0.0990447016904,-1.44882588867,-0.201991955258,-0.0496415707779,4.06900813357,-0.225221021874,-0.916426169854,-1.29939546338,0.625355429383,1.0
283,1.6174790493,-0.0748049826803,1.56925961454,0.0122319836388,0.796672108365,0.0153538494826,-0.0291752495422,-0.000447952390088,-0.657926092537,0.968882638563,1.0
284,-274.145472095,1.40068903444,0.504815456341,-0.651656209058,0.128536316856,-5.06982170485,2.30937906864,-11.7081401269,-0.142447868789,-1.30876351424,1.0
285,310.686730544,0.583368006821,1.80046276246,0.926604768309,0.516507444282,1.79398143931,4.07607567781,7.31240411123,0.409294996641,-0.419081992808,1.0
286,-12385.7413248,0.0242909141378,-0.885966482041,1.27981202063,-0.00965723653291,-132.523627879,0.630921922163,-83.6120620336,-1.7971646154,-0.802253171731,1.0
287,658.955500128,1.76126612742,-0.625027390685,0.754095663656,0.112557530906,6.69964646153,0.718990189511,4.81698007903,-0.655545029484,0.0675168571743,1.0
288,938.78753849,0.293774310766,1.11699055942,-0.87653185144,-0.0910326678578,9.62876154315,0.535314549235,5.15441614517,-1.8289766353,0.39597621114,1.0
289,78.4788496016,0.0963213559212,-0.267594746235,0.94246811922,1.29784579065,0.726178815703,0.106675539408,0.0774655168718,-2.36417381714,0.0203341817052,1.0
290,660.737802385,-0.285959151485,1.18311955733,1.49691099352,-1.21607658075,-1.23093480889,12.5897541042,-15.4971665623,0.140671903308,-0.743672174701,1.0
291,30.036313529,-0.0585865511339,-1.63242330207,-0.31754309393,1.48935596207,-0.213208327637,0.994362207556,-0.212006303338,0.521303748276,0.611927192731,1.0
292,254.464479132,0.67838009884,0.327066209121,0.832650739464,0.377759169731,2.20418405742,1.1353450064,2.50250936278,0.239867105895,0.158958674126,1.0
293,105.891991729,-0.118170784367,-1.22763642041,-0.142687712073,0.512717523472,-0.278296928701,2.55350735744,-0.71063325499,0.0685992274807,-0.272276101145,1.0
294,15.2789008922,-0.688446138721,1.05215347684,-0.21000053911,-1.09322618246,0.192092489623,-0.0789199534583,-0.0151599303408,2.79970764909,-0.325776324585,1.0
295,141.687021744,-0.960105565944,0.107519031665,-0.783499263986,-0.578942351392,1.35332863817,0.143069282824,0.193619757687,-0.588813199534,-0.166153135608,1.0
296,168.50352641,-2.71967936432,0.0164914869809,-1.09660174709,-0.652761449349,1.67994257042,0.0123957012482,0.0208240662172,-1.4589407306,0.169877959797,1.0
297,59.2149116975,0.363084665239,0.488785742643,-0.368436343323,-0.591908113472,0.622455301654,-0.0825479211891,-0.0513823911847,2.18159862894,0.439550206031,1.0
298,-16.2981348364,0.0665172223832,-0.634322093681,0.30247189774,-0.672460447776,-0.449798792985,0.533619581126,-0.240021443504,-0.359553161541,-0.813146282044,1.0
299,192.139823155,-0.875681827221,-0.576454652957,0.613981308469,0.371955551565,1.65068462048,0.797216809824,1.31595352716,-0.443960009039,0.418203348653,1.0
300,-68.590306506,1.43055681558,-0.438356166167,-1.32340858322,0.891967581998,-1.48369583148,1.25061084914,-1.85552610367,0.463872765229,0.617660846735,1.0
301,-81.5278638434,0.194292938046,-0.115107468487,0.875832761587,-0.964612013734,-0.907963771047,0.128815660973,-0.116959953307,-0.782629155828,-0.110389299027,1.0
302,-77.7145400892,0.323625764609,-0.0201291038775,-0.333790960354,0.4328376215,-0.771169010672,-0.00830810839218,0.00640695572935,-0.80871753198,-1.1041239858,1.0
303,188.746805178,-1.42595044784,0.629611489705,-0.49155237265,-0.240687152674,2.04228753878,-0.50044656774,-1.02205578912,0.618421708855,0.0762631100758,1.0
304,433.412293265,0.0939532293856,-2.73967716719,0.943046087323,0.269904354941,3.49400100465,5.53425400518,19.3366890541,-0.466845546053,-1.41690611313,1.0
305,-513.621809933,-3.1168565916,-1.91374267086,0.644452033411,-0.154072398425,-4.18278705336,-1.03326347719,4.32192109509,1.19361168075,-0.0981612112059,1.0
306,60.1863811045,-0.16459473198,-1.01258592534,0.414613518091,2.41234774151,0.171871372836,0.918233661856,0.157818080047,-0.457216752461,0.317399860329,1.0
307,327.166262854,0.165863522654,-0.0483446237798,1.32914128275,0.403896020836,3.29080063724,-0.0331783042202,-0.10918318467,1.9367124624,-1.45190552943,1.0
308,292.802006595,-0.107961943134,-0.936009498544,-1.42190363528,-0.574987837367,2.47292819582,1.77341276122,4.38552242004,0.750482537253,-0.764402028991,1.0
309,-32.5825056042,-0.440922632293,-0.364693544392,-0.280355495185,0.578521497729,-0.484606875086,0.292413945207,-0.141705808218,0.349654456993,-0.764143923906,1.0
310,-16.4539438409,-0.208298755578,-1.09306150873,0.396006712662,0.439391701265,0.901261247133,-2.59705176184,-2.34062210975,0.166673495373,0.635031436892,1.0
311,-71.9821051913,0.275666549341,-0.015779217121,-0.708385052338,0.954189580899,-0.742394453386,0.0205418898146,-0.0152501850604,0.544144752358,0.447212087455,1.0
312,-94.9889777812,0.536987914456,-1.09692497173,-0.41380398905,0.888338861997,-0.465817726492,-0.865019319875,0.402941332956,-0.524741954962,-1.38527758377,1.0
313,1.88458385598,0.499498233469,1.25916712961,-0.0620531257983,-1.49567951626,0.0414882500722,-0.030927896831,-0.00128314431793,2.52636824036,1.7699213882,1.0
314,21.9750381321,1.48312862797,-0.843615606536,-0.0500826414645,-0.364169808916,0.137525517598,0.17701617176,0.0243442406444,0.238681570932,-0.116222439538,1.0
315,16.1994956233,0.139787246699,1.00565016248,0.243892360533,-2.3817501377,-0.10240048134,0.516329368193,-0.0528723758332,0.475027002347,0.405912520203,1.0
316,-1176.91481872,-1.53624368628,1.89588917603,1.4882521938,-0.179924835812,-8.27152175561,-2.63511960535,21.7964491443,-1.07075262151,1.05445172693,1.0
317,-1565.96705848,-0.67258309767,-1.59222948765,1.17361122575,-0.0983454902024,-11.933554079,-2.19873962464,26.2387782162,0.849877074912,-0.494985709906,1.0
318,12.3114947087,0.797794942263,-0.903690930066,1.01144789122,2.07822996281,0.486687185403,-0.804189714306,-0.391388828586,1.13659285772,0.708519940828,1.0
319,21.4776215179,0.297514353955,0.643054545339,0.0440222761753,0.212587046438,0.207078826829,0.0182987384845,0.00378928129783,1.54703149699,-0.0602875336391,1.0
320,-304.441131186,0.209806930901,0.0284084446396,-0.657658003825,0.21132302761,-3.11209815259,0.092310131371,-0.287278189305,-0.202394262861,-0.621928158239,1.0
321,2.44492375851,-0.969112266901,-0.204035446732,-0.018373729121,-0.539435109854,0.0340610553251,-0.00298410405564,-0.000101641733335,-1.25628730079,-2.07152358741,1.0
322,-182.48020152,-0.216343978296,0.21839707313,0.442846113747,-0.252710672042,-1.75238390278,-0.111313688728,0.195064316286,-0.868862546866,0.656390750859,1.0
323,-76.3317580363,-0.799422399543,0.289120505279,0.240787509742,-0.19839889682,-1.21365347087,0.739090204318,-0.896999391755,0.0941923003101,-1.14761094484,1.0
324,246.830140966,-1.27323317583,-0.0357722247372,1.53176842154,0.646217774895,2.37035946865,0.416465643469,0.987173281364,-0.131570911262,-0.175366355097,1.0
325,-3.50584261226,0.566545315818,0.498726958312,0.146304446001,-1.2037351922,-0.121542052562,0.174960096063,-0.0212650091919,0.417043502968,0.687881391175,1.0
326,-161.860781443,-1.54825432285,1.26056884504,0.531974639007,-0.400348815013,-1.32877785336,-0.455464384422,0.605210987013,-1.47232292847,0.913201924252,1.0
327,38.6614742029,-0.774295080487,0.825372232088,-0.269389778451,-0.922823314997,0.291919129126,0.153201229774,0.0447223695768,-1.45133849819,0.0218573582199,1.0
328,-62.6346778598,0.463130329319,0.338904125216,0.279095764392,-0.468864187967,-0.595259291614,-0.0429658090388,0.0255757970521,-2.2014412855,0.199300196896,1.0
329,-39.9409051493,0.770836960405,0.390364943509,0.243168215402,-0.510926181232,-0.475936102581,0.122525980182,-0.0583145374729,0.774728319067,-1.8081439265,1.0
330,60.9010029389,-0.114775324771,-1.37075998254,0.308751241837,1.08137603446,0.285517000561,0.670319832576,0.191387708013,-0.631375988449,-0.241337791453,1.0
331,-2513.02656487,-0.177361483271,-2.53851112605,-1.65037839565,0.0857020920134,-19.2571541356,-2.41628594629,46.5307909034,-1.73386098031,-1.64060120513,1.0
332,285.259045288,0.322205082975,0.819953108062,-1.37479438851,-0.43503402946,3.160199652,-1.71399972418,-5.41658133188,0.657682096387,-3.74010063795,1.0
333,327.496931307,1.29614986753,0.536596520567,0.616459312626,0.191450872024,3.2199347337,0.375679403664,1.20966316059,0.880511199177,-0.454080362516,1.0
334,212.141878432,-0.361672457354,0.847408355482,2.15371950784,1.57530687773,1.36717457296,2.1493901907,2.93859161609,0.84911521147,-1.22889519693,1.0
335,12.2496790914,-0.0457039606602,-1.02993528331,0.220507655757,1.10028433822,0.200409701472,-0.174965154478,-0.035064714377,1.29802197233,2.69622405256,1.0
336,-9.42326949116,-2.0042157155,-0.545711974018,0.376876520851,-1.94570308316,-0.193696830782,0.225317429024,-0.0436432719219,-0.912783494135,0.219509555793,1.0
337,-21.0360313309,-1.06343293815,-0.564317909682,-0.679593042544,1.61424954728,-0.420996272658,0.380237514219,-0.160078576211,1.00859728686,0.527597382774,1.0
338,203.468282472,-0.6510255933,0.681594518282,-1.03424284178,-0.68954977775,1.49988133585,1.5474949561,2.32105880197,-0.455532503517,0.0174791590251,1.0
339,12.3231890193,-1.21868382998,-0.917984306005,0.246222761276,-1.77474481519,-0.138736994282,0.477497441076,-0.0662465597521,-0.473360925502,-0.203570671473,1.0
340,-47.3478403789,0.0589255891816,-0.807648487616,-0.185053671009,0.80029794934,-0.231230969868,-0.483504799101,0.111801283632,-0.309114444772,-0.233466661544,1.0
341,110.70785935,0.2321810362,-0.237921729736,-0.597316068965,-0.493319883362,1.2108088263,-0.26178772782,-0.316974891462,-0.542861476017,0.416050046261,1.0
342,52.1162707905,-0.232294007187,-2.57905074519,0.728929867385,-0.321258937058,-2.26897926657,3.84788599336,-8.73077353906,-0.488566220755,0.332798217404,1.0
343,-83.4724397833,-0.277391391743,-0.730357095558,0.968744393111,-1.44694033476,-0.669512328768,-0.269990232241,0.180761789132,2.62057384602,-0.747473178065,1.0
344,-60.4159450475,-0.953804420273,-1.27851384052,-1.16444845387,0.789904941785,-1.47416276601,1.35061871853,-1.99103182594,1.10228256459,-0.69707307236,1.0
345,4.63547414523,0.378860328651,0.758995820827,-1.1786166296,0.537034547675,-2.19467562134,3.11874229755,-6.84462768969,-0.286835208195,1.63440564492,1.0
346,-432.65379961,0.778003543368,-0.385831500112,0.67970944102,-0.429805510041,-1.58143491682,-4.16543835574,6.58736965963,0.0629593552639,-0.871645212771,1.0
347,-157.249429137,-1.55693393251,-0.355494774608,-1.32989186133,1.48639925347,-0.894707029913,-1.15248187325,1.03113363385,-0.41021869278,1.38218188839,1.0
348,-74.1108585834,0.441869496254,0.74550459991,-0.816861078312,1.39836319094,-0.584155163412,-0.291429289905,0.170239924467,2.089610456,1.21460775521,1.0
349,493.39635394,-0.548137467789,2.66272671372,0.725755344191,0.65121000795,1.11447203718,9.82104618514,10.9452813492,0.196770090087,0.969623729224,1.0
350,-195.569439599,0.363697892713,-0.19346388279,0.312633963014,-0.155897985766,-2.00537525535,0.081826164219,-0.164092164965,-0.739169200391,-0.0587261933689,1.0
351,-421.004071109,1.86755896043,-0.861225685055,0.906044658275,-0.268003370951,-3.38072112697,-0.97240041403,3.28741462359,0.802456395796,0.947251967774,1.0
352,-146.56929039,1.06458513613,0.433107953151,-0.937880231151,0.72436850487,-1.29475567318,-0.293232269513,0.379664144511,1.38526154672,-0.303098253424,1.0
353,182.364939187,-0.0147772196598,-0.355028731055,-0.300478785585,-0.177813143703,1.68985700004,0.425017540578,0.718218866084,0.250998116008,1.05475792518,1.0
354,287.577269679,1.00133101735,-0.815275661136,0.597212504403,0.21524046764,2.77462928302,0.483813096612,1.34240198537,-1.00636552168,-0.182904980857,1.0
355,49.7396062364,-0.301472314862,0.857661910122,-0.256232697995,-0.432431978578,0.592538736006,-0.204042134762,-0.120902868624,1.07703747295,-0.22482656127,1.0
356,-28.5336288621,-2.19368335169,-0.890729183061,-0.177137383315,0.921934804225,-0.192136561613,-0.144004362402,0.0276685030492,-1.09567122897,-1.09289660633,1.0
357,29.5549134801,-0.356871528026,0.150818206333,0.54565732347,1.68579230266,0.323680042084,-0.0499349220186,-0.0161629376605,-1.64804620637,0.298713659992,1.0
358,5.80578046132,-0.860153384925,-0.80962657604,0.859104192786,1.19973617642,0.716077592453,-1.52482507281,-1.09189306705,0.456153035827,-0.357579031969,1.0
359,137.040464915,0.0983779068155,0.0674922572408,0.381416254209,0.284314518998,1.34152928789,0.0619706430926,0.0831354326984,0.415400626171,-1.03148246032,1.0
360,24.2391807099,-0.759495490429,-0.0940624503626,-0.25075667676,-1.0228550408,0.245153679414,-0.0204979154922,-0.00502513940324,-1.15069200426,0.600605201733,1.0
361,-43.2183394646,-1.22543551883,-1.00021534739,0.844362976402,1.18802979235,0.710725422744,-2.66466160115,-1.89384274295,0.316942611925,0.920858823781,1.0
362,-733.241693627,-0.884014729748,1.44984752536,1.23414403578,-0.245081755577,-5.03564222019,-2.29790296349,11.5714171808,-0.778675472658,-1.68538210487,1.0
363,-70.1466378235,-0.368415441388,-0.630225747631,-0.368763536206,0.758038051422,-0.48647100962,-0.398061008743,0.193645140814,-0.58384084399,-1.0237014524,1.0
364,82.7162710748,0.239145580654,0.0551713547802,1.39789626109,1.64850401027,0.847978683934,-0.0497568545474,-0.0421927520358,-1.55001418936,-0.455825347799,1.0
365,-29.7448930451,1.15794052941,-0.140483464434,-0.507693135937,1.07060605459,-0.474210970283,0.319959824529,-0.151728458841,0.222910769222,-2.892519822,1.0
366,-68.4503020043,0.599039526376,-1.26317291209,-0.340692343878,1.15173397478,-0.295808191247,-0.730366886209,0.216048507556,-0.58922898651,-0.448465006204,1.0
367,-255.32531791,0.447869664111,1.32570795932,-0.75575076044,-0.541359588431,1.39602359798,-10.9471534822,-15.2824845919,0.0915219467789,1.05343974863,1.0
368,-268.556573104,-0.131054011541,-1.95180410148,1.13307987956,-1.13980245543,-0.994101981589,-2.81741354964,2.80079639265,0.784957521241,-0.554309626571,1.0
369,-750.581344883,-1.04778080973,-1.69291144839,-2.106197212,1.38271041479,-1.52323811947,-9.15388202406,13.9435420401,-0.389518388305,0.813937910167,1.0
370,-116.263821562,0.143463928071,0.130524025865,0.886962566158,-0.823613276458,-1.07691630467,-0.14567639831,0.156881288545,-0.794706117597,0.388991945003,1.0
371,-47.3987578062,-0.14251039708,-0.0890421194965,-0.329742364763,0.736165479245,-0.447918809098,-0.0296214635718,0.0132680106868,-0.991205548472,0.125174611696,1.0
372,-715.576816353,1.02122474317,2.45122971908,0.70869527311,-0.120406638664,-5.88584882837,-1.17430957195,6.91180861823,-1.47931597996,-0.332102277349,1.0
373,-360.411454624,0.140495907439,0.434788805461,0.64982963468,-0.174006837508,-3.73450632163,0.152139521456,-0.568166004647,1.85710226976,0.414674266609,1.0
374,97.5701941695,1.63334906131,2.14736516513,-1.11137854786,1.42347503405,-0.780750291553,3.03759407494,-2.37160245963,-0.785666392567,-0.562251625081,1.0
375,-582.566253346,0.823555491869,0.180762606982,0.920632290775,-0.160476706052,-5.73685934503,-0.0873081719559,0.500874702183,-1.90607464599,-1.20662162135,1.0
376,-294.296092231,-0.937947595261,-1.39484019283,0.273729449525,-0.114961766277,-2.38104770297,-0.770007710096,1.8334250894,0.495850668965,-1.32052534683,1.0
377,-1.95188484525,-2.23153763872,-0.587375066549,-0.101002517305,0.840648478138,-0.12014833778,0.227211626966,-0.0272990993042,0.261106181563,0.794441648301,1.0
378,789.781750404,-1.36824509534,-0.940270235957,1.56127959896,0.21301716743,7.32936043509,-2.4492822026,-17.9516720701,0.599369372522,-0.25631689369,1.0
379,-69.5956324565,-0.177246616189,0.199397072805,-0.379554120646,0.570949839846,-0.664776647889,-0.0705790683046,0.0469193164387,1.07230064729,-0.503709437368,1.0
380,41.0839576149,0.0101855187121,-0.990670930627,2.19829633867,-0.976895386735,-2.25028838146,3.69379654284,-8.31210744382,-0.589579922545,-2.17893152019,1.0
381,44073.6367458,-0.201384543283,-0.571478415052,1.51052473198,0.0036163009507,417.698845471,-0.558122452613,-233.127104088,1.54667183821,0.214406013261,1.0
382,8308.64179886,0.0192793845131,-0.2141666562,1.84959124668,0.0213512238435,86.6269428035,0.430981371069,37.334598581,-0.91911344487,0.192753849065,1.0
383,-66.4271042908,-0.038476658239,0.504343575163,0.404314343329,-0.719573855918,-0.561880257327,-0.165709639331,0.0931089747889,-1.23054604565,-0.506906614837,1.0
384,-13.1678784739,-1.43273548993,0.938746875682,0.0875314709217,-1.04817040683,-0.0835088172225,-0.0955172397268,0.00797653171395,-0.860262451958,0.328301295001,1.0
385,337.921579831,-0.628087559642,2.30391669768,-0.481027118461,-0.135949700678,3.53827272926,-0.974804142872,-3.44912291509,1.1368913626,0.0977249677149,1.0
386,-78.3232920822,1.23800693596,-0.315603123386,-1.04059923009,0.890671681431,-1.16833088082,0.64029163643,-0.74807249157,0.512916846828,-2.54123880769,1.0
387,-4.43923368641,0.527004208455,-1.829740411,0.453781912636,0.767902407733,0.590936957699,-1.40758011064,-0.831791108299,0.589879820735,-0.363858809971,1.0
388,127.685818113,1.66303895775,0.422184607969,-0.851522584404,-0.489814731259,1.7384585029,-1.46581508015,-2.54825868978,0.245255853443,0.877505062836,1.0
389,-133.620752634,-0.387313437457,3.30657434911,-0.347584512915,0.203539700405,-1.70769885297,0.551379925044,-0.941590865549,-2.08443213536,-0.00693744120592,1.0
390,-215.825654797,-0.098150389643,0.317218215191,0.910178908093,-0.466419096736,-1.95141861571,-0.305708585238,0.596565424215,-0.944446255918,-0.410049693203,1.0
391,2658.8889758,-1.29868672216,1.32501405289,1.27607534601,0.045134015432,28.2730294168,0.722687570097,20.4325669285,2.33962480602,-0.276432845016,1.0
392,-3685.12658908,-0.391217052174,0.405204080323,0.940917614575,-0.0261922373443,-35.92352964,-0.225836319934,8.11283773294,-1.68823002777,-0.11246598256,1.0
393,-40.9404242131,1.42197555929,-0.528670658935,0.456363363481,-0.740866704204,-0.615985791899,0.39662901565,-0.244317838295,-0.608291150081,-0.64072572419,1.0
394,768.645684717,0.817861831185,0.105232137059,0.238200192022,0.0312675470276,7.61812852834,-0.272128322515,-2.07310853712,-0.092112114692,1.35544270259,1.0
395,11.9812195583,0.69377315269,-0.133701559668,-0.159573438146,-1.12682580876,0.141613226202,-0.0291992160404,-0.00413499518606,-0.730677752865,-0.384879809181,1.0
396,-239.409680665,1.2577442175,0.0400714565478,-2.08663497942,1.45580795184,-1.43331747624,-1.50677869269,2.15969223307,0.0554922254438,1.4849255987,1.0
397,-99.3550807123,0.124118287734,0.00855492600631,1.83708068787,-1.8523426567,-0.991760720528,-0.02203209687,0.0218505682666,-0.713326990392,-1.76222889754,1.0
398,85.6238435793,0.435546159296,0.0330897511388,-0.59922427746,-0.719940532142,0.832324686147,0.0221897383879,0.0184690670394,-0.893574402314,-0.156023890997,1.0
399,-35.9813809163,-0.517722642125,0.544354878285,0.222475576629,-0.54720274401,-0.406568824927,0.0707093493255,-0.0287482170666,1.7127249309,-0.687297022551,1.0
400,59.2774161121,-0.268372735209,-0.134132782768,-0.169758293902,-0.192841828544,0.88029809292,-0.683392630777,-0.601589229589,-0.0333192828452,-1.5308034974,1.0
401,-489.466408544,1.27415502752,0.430378884783,-1.66469803939,0.388288813968,-4.28726756863,-0.64199458295,2.75240255472,1.11597652803,-0.920538163091,1.0
402,159.483576478,-0.813595997095,-0.0731196459482,-0.521641509971,-0.32493495832,1.60537208021,-0.0536228054178,-0.0860845546801,-0.711306359743,-0.388154192482,1.0
403,-140.964562828,1.4314432471,-0.0665628475538,0.636586768236,-0.555073647247,-1.14685100147,-0.43332359108,0.496957594393,0.097786109229,-0.0609849820099,1.0
404,-2388.69424927,1.01216829517,1.25200198275,1.38418672458,-0.0912670197262,-15.1663407958,-4.31556542684,65.4513359898,-0.401570675513,0.562013105914,1.0
405,-370.64128613,-0.720001431291,-1.21421728136,1.24249391282,-0.593520317348,-2.09343113707,-2.27892047011,4.77076307103,0.662005366452,-0.340874410569,1.0
406,-175.579994253,-0.0329964802647,1.0061070671,-1.56201434183,1.95956200521,-0.797124223515,-1.66775953036,1.32941152065,0.942314308277,-2.00512542665,1.0
407,141.508384572,0.02816987319,-0.0873281870576,1.97837269988,-3.00649871501,-0.658032112239,3.66298151186,-2.41035946134,-0.0471658676532,0.83187778506,1.0
408,-792.856032539,0.592149090782,-1.17647315436,-0.786468415071,1.66165186118,-0.473305169057,-13.6177399019,6.44534668646,-0.0679451203905,2.36022858565,1.0
409,-2902.66657507,0.159250468374,-1.44642106398,-1.95854895514,0.319431833332,-6.13135182774,-20.5610583442,126.067082659,-0.137779214286,-0.957147473151,1.0
410,204.830598348,1.43504938679,-0.116229700387,0.50723895111,0.244443455962,2.07507682754,-0.0420711804801,-0.0873009317215,1.40134483129,-0.410381793658,1.0
411,69.2175475498,0.982841219817,1.17606027645,-0.766963035023,-1.77620502401,0.431798708289,0.55245767776,0.238550511641,-1.63269476615,0.733723487855,1.0
412,3.62203105658,2.01125668146,0.195069697151,-0.0445954264559,-0.729044658795,0.0611696772178,-0.0442578926096,-0.00270724100527,0.196557400729,0.354757693113,1.0
413,72.5985586803,-0.276822994774,-0.173463897073,1.12390530561,1.39251844943,0.807102631977,-0.187894841307,-0.151650420954,1.03758566705,0.0187917917743,1.0
414,3.64354602742,-0.82153451702,-0.0820341531455,0.0189221038822,1.01397215411,0.0186613644225,0.000897116247633,1.67414132265e-05,-1.73027606155,0.588742406808,1.0
415,-179.854961176,-0.673664171309,-0.886879603871,0.797913196567,1.62927576996,0.489734894042,-5.08867985131,-2.4921040878,0.139064150305,-0.857670204575,1.0
416,29.028843003,-0.13190863978,0.223843563313,0.40476181204,1.28598400708,0.314748713679,-0.0601217137374,-0.018923232063,-1.50699839821,0.676460732362,1.0
417,-14912.4193723,-1.66184836722,0.595423156764,0.550788614103,-0.00376281714502,-146.376662185,-0.181596827147,26.5815374212,-1.8059362626,-0.0193227919713,1.0
418,-250.879454823,0.865525190671,-0.79770275994,1.27404453795,-1.39467964159,-0.913503359447,-2.72341290687,2.48784683959,0.373174718253,1.08267228209,1.0
419,-46.1930295519,-0.46847604468,-0.326318462158,0.512836457593,-0.59464976972,-0.862417651038,0.653811252048,-0.563858364214,-0.255957669214,-0.348046379643,1.0
420,141.227661651,0.250113906883,-1.15043776982,-1.02191332443,0.642210943329,-1.59124246487,4.54273082233,-7.22858619094,0.258797567341,1.04023896425,1.0
421,-1334.10534682,-0.945615795556,-1.2630683491,-0.932740910794,0.0978961454126,-9.52786145831,-2.62875184126,25.0463833518,-0.448165362681,-0.64933792773,1.0
422,-113.193684934,-0.736297089895,0.317098166163,-0.782324319008,0.61105788408,-1.28027857817,0.269554538763,-0.345104901626,-0.920309515249,1.50950891913,1.0
423,-153.533799694,1.05417790894,0.559298981391,0.950833697004,-0.431096337511,-2.20561766424,0.928501176915,-2.04791859707,0.572751366857,0.677557033588,1.0
424,-50.0455478993,-1.09809796036,0.0858431053425,0.512266726826,-1.4064596551,-0.364224259805,-0.251537115361,0.0916159196558,-0.174823371618,0.679944006116,1.0
425,-38.3042254437,0.0914368331911,1.80144920862,0.0102578169594,-0.0292944035749,-0.350163024592,-0.0632107133615,0.0221340545773,-0.292338675851,-0.193537111011,1.0
426,708.160398047,0.095780847099,-0.316263051772,-0.940408997154,-0.133595288637,7.03923773622,-0.161510268216,-1.13690917481,-1.84147189302,-0.331576895215,1.0
427,-205.527438865,-0.381289869808,-0.330237893265,-1.24894893307,1.23538239201,-1.01098165325,-1.69173027366,1.71030826892,-0.243803797139,-0.189545668257,1.0
428,975.457919011,-1.69810581943,-2.2555642294,0.387280475395,0.0386305518402,10.0252379774,0.527269888361,5.28600610912,-1.65671510232,-0.985510737684,1.0
429,377.424730795,-0.22007577982,-0.0257985582545,1.30866875235,0.346494442007,3.77688237876,-0.0436108045478,-0.16471287922,0.774160609819,-0.774458968771,1.0
430,-201.870529548,-0.589386701979,1.02239232244,0.444781362407,-0.431414341105,-1.03098418395,-1.63000370435,1.68050803897,-0.278981605303,0.529833783475,1.0
431,21.9090294577,-0.0883731247324,2.12352642298,0.267670893361,-0.43282726861,-0.618424283248,1.51587633119,-0.93745473361,0.374968724703,0.494445443062,1.0
432,-295.427052574,-0.290397100804,-0.101281486217,1.32778269596,-0.464337691435,-2.85951952738,-0.131611904354,0.376346810536,1.02179058559,-0.552540673417,1.0
433,-524.864940175,-0.0115555202243,-0.173929930305,0.839490672318,-0.150653638021,-5.57232260267,0.303532623735,-1.69138169989,-0.481044021994,-0.234694354323,1.0
434,-201.73025556,0.434807957731,0.732424009755,0.540094460525,-0.291641986352,-1.85190914134,-0.227210205705,0.420772656951,-1.74102280836,-0.780304406502,1.0
435,0.479420136859,1.79444880523,2.23201638953,0.0275097020298,1.36741498246,0.0201180346732,-0.0370932593953,-0.000746243478659,-1.65534403831,0.153644460816,1.0
436,-33.4931237824,1.47132195614,-0.258572631677,1.59277075442,-1.37808346706,-1.15578685362,1.32012328886,-1.52578114241,-0.311976107916,-0.840290395479,1.0
437,-417.909155246,0.591726975152,-1.71262932268,-0.476224436315,0.129554520546,-3.67586120737,-0.580096038342,2.13235252389,-1.40596708114,1.1794199812,1.0
438,-22.2812185184,-2.0164066278,-0.275670534561,-0.539454633375,1.73887267745,-0.310232393877,0.149550066304,-0.046395275074,0.994394391315,1.3191368763,1.0
439,-241.493192879,-0.762114511922,0.936398543552,-0.887780136636,0.271170184637,-3.27388550413,1.03720431369,-3.39568816741,-0.801496885394,-0.647181431848,1.0
440,-230.241649435,1.08474757664,-0.413274805336,1.3353162768,-1.88148379853,-0.709714469952,-2.78253797616,1.97480746487,0.198327059355,1.1899780498,1.0
441,-336.072138878,1.57708821247,0.613349165404,-0.812802100839,0.271090982216,-2.9982631447,-0.438675288083,1.31526394875,1.13644762705,-1.73833186817,1.0
442,-2352.30271938,0.621821527511,-0.921967659309,-0.803239476185,0.0287562377137,-27.9327039991,1.33925720557,-37.4090751019,0.552963849396,-1.09842225289,1.0
443,203.478893537,1.43156775745,-0.428702065586,1.46221417078,-1.66417298517,-0.878643136149,4.952655017,-4.3516163364,-0.126569331639,-0.363437780116,1.0
444,-9.93255834998,0.548328130498,0.197181055197,0.0986674538158,-1.02256439126,-0.0964902109432,-0.0227484007475,0.00219499798675,-0.855240457251,1.25721965083,1.0
445,-1873.67152949,-0.0525672962695,0.188778596794,-1.93627980585,0.0884220870447,-21.8981463859,1.17576212139,-25.7470110492,-0.310886171698,0.0974001662688,1.0
446,-3514.30736391,-0.401780936208,0.462782255526,-1.63019834697,0.0519453957961,-31.3829228169,-1.03475056063,32.473496979,0.729090562178,0.128982910757,1.0
447,1598.86139046,-0.231101607593,-0.733312807584,-1.63880730712,-0.0902438496658,18.159767266,1.64251175387,29.8276311821,0.73165892703,-0.0654883751445,1.0
448,203.530756296,2.01406015492,-0.406303130445,-0.306765776027,-0.143579511716,2.13655675772,-0.326260712357,-0.697074529764,-0.38202544895,0.359504399571,1.0
449,9.05334564502,0.0924477354698,-1.05065383659,-0.0990083112841,-0.438474458035,0.225801775839,-0.281019807094,-0.0634547714876,-0.370164164514,-0.959255392641,1.0
450,92.9574251837,-0.0851156025194,0.966768011166,-0.564301033302,-0.755462726366,0.746960787883,0.454168746066,0.339246244393,-1.20120151902,0.523261738688,1.0
451,164.631382559,0.863519658381,2.34664703053,-0.804753740638,-0.365551089986,2.20148089469,-2.01309880787,-4.43179856466,0.938092540906,0.296733172494,1.0
452,-814.268147086,0.254715536694,-0.578708512997,-1.82407955208,0.32952244217,-5.53552450046,-2.47903013616,13.7227320561,-0.425815866364,2.00814927938,1.0
453,-443.965960384,1.90934262556,0.900822764209,1.66387312444,-0.689048429418,-2.41474046439,-2.73470137874,6.60359407725,-0.548087187473,1.65314983257,1.0
454,89.3350273198,-0.437007712837,-0.635176398536,0.69816973874,1.73692960588,0.401956266032,1.06133171877,0.426608934697,-0.417834436095,0.0245132322044,1.0
455,214.997771268,-0.611065914495,1.45152801697,-0.708849820143,-0.399568860323,1.77403669437,1.10271118729,1.95625010954,-0.933077840894,-0.238776316845,1.0
456,-494.945127919,0.978737984106,1.86755799015,2.2408931992,0.950088417526,2.35861542764,-27.6498096543,-65.2152676221,-0.151357208298,-0.103218851794,1.0
457,-179.601193444,0.931848374114,-0.0156821116026,0.339964983801,-0.190653493581,-1.7831563294,0.0135022803054,-0.0240766765879,-0.394849514033,-0.267733536894,1.0
458,1606.40656568,-1.40134729304,-2.04732361306,1.03043826742,0.96744615005,1.06511175569,38.1128000797,40.5943914071,-0.0553525480224,-0.263937348593,1.0
459,-104.788690403,1.17678696238,1.69734648101,-0.292594207158,-1.0032657569,0.291641776015,-2.84392686567,-0.82940788196,0.174629577814,0.9823269838,1.0
460,2.3772102936,-0.975920997128,1.12046414986,0.0241301661209,1.5899229914,0.0151769401735,0.0276245576269,0.000419256258421,0.978730100723,0.934163625116,1.0
461,74.9052685873,-0.543694029683,0.205796803734,-1.09389505673,-0.973375967557,1.12381555863,-0.941582062672,-1.05816457176,0.239087080374,-0.607887446282,1.0
462,90.74296026,1.01184243299,0.468385234277,-0.657951044761,-0.667712720571,0.98538042558,-0.18322764187,-0.180548931724,1.68192174007,-0.852585847171,1.0
463,-72.5318542364,0.0253856044065,0.286012526978,0.610391764305,-1.10947755364,-0.550161436169,-0.318856473857,0.175422535589,-0.547518100679,0.66596714607,1.0
464,-2.69350464263,0.330532743235,-0.756493528881,-0.145274457205,1.03909644038,-0.139808444683,0.229389025937,-0.0320705229436,0.479095224098,-0.778183521456,1.0
465,-105.339664863,-0.291041463273,-0.670125897727,0.554127578327,-0.711040596791,-0.779319184907,-0.51598119256,0.402114042413,0.719668170537,-0.248419306705,1.0
466,-1.68002063836,-0.493531850495,-0.480287109478,-0.0036228172365,1.24072623884,-0.00291991667711,-0.00854550134987,2.49521519057e-05,-0.203615018879,0.428292260694,1.0
467,44.0646896791,-0.272532748488,0.433118729449,0.737521513414,1.32079438613,0.558392374438,-0.247239993438,-0.138056926992,-1.29200125105,-0.518678687289,1.0
468,-8.69487350696,-0.00320887843499,-0.73940094622,-0.302433156997,0.965251517274,-0.313320571463,0.469119138288,-0.146984676492,0.47667925736,-1.37121649354,1.0
469,10.7424343507,-2.55298981583,0.86443619886,0.65361859544,2.26975462399,0.28796883528,-0.388493474519,-0.111874013371,-1.4543656746,0.0457585173014,1.0
470,-435.773325403,-0.340560034938,0.466750650418,-1.30322008268,0.320031932093,-4.07215640688,-0.292557545267,1.19134008234,2.0791766648,-0.90746598142,1.0
471,-7.30837547603,0.783744493675,-0.524939422914,1.90134005185,-1.09997080757,-1.72853682913,2.46836372138,-4.26665760009,-0.404352219624,-0.735295718283,1.0
472,-150.972486728,0.606319524359,0.450934461806,-1.75589058344,1.65955079619,-1.05805172548,-0.741024436228,0.784042183377,1.06850939932,-0.453385803851,1.0
473,13.5548960855,-0.74215216165,-0.396523739016,-0.940156591872,1.25987533152,-0.746229859696,1.54688573536,-1.15433232527,0.240996732045,-0.972317918027,1.0
474,2.31133297046,0.311447071554,-0.369801166304,0.239582759856,2.1338682472,0.112276266433,-0.217998539425,-0.0244760620945,0.406415493676,-0.19317670155,1.0
475,60.5535920459,-1.67600380633,1.07961859204,1.15233156478,-1.4664243278,-0.785810452633,2.387569452,-1.87617703177,0.521064876453,-0.575787969813,1.0
476,61.0946747035,0.817397096368,-1.18163131491,0.646615613915,1.82672847066,0.353974673467,0.524708084162,0.185733372757,-1.45616444872,-0.450281834813,1.0
477,1286.76280502,-1.55268054106,0.758829549023,2.11015352422,0.151147032146,13.9609325718,1.21023155204,16.8959610943,1.32309130798,-0.927825074227,1.0
478,-129.490536115,-0.400834710268,-0.470024316655,-1.02155985258,0.885501109619,-1.1536516911,-0.247884700595,0.285972604039,-1.93702140745,-0.149484012149,1.0
479,117.618014185,-1.00531187235,2.17116494932,0.101407146668,0.100581208729,1.00821165255,0.408359526225,0.411712832771,0.539161274114,0.0861768423801,1.0
480,293.43427164,-0.560981003132,-0.791756515643,-1.36294094721,-0.49660820973,2.74449942733,0.807489174659,2.21615357742,1.33638618232,-0.120041122096,1.0
481,-61.3074815115,-1.12470271476,-0.338120543047,0.282085399515,-0.424880444535,-0.663917116317,0.0715898769025,-0.0475297446306,-1.33229546685,1.89040370308,1.0
482,170.380482347,1.95591230825,-0.652408582387,0.390093322688,0.493741777349,0.790075583197,2.19200342185,1.73184838189,-0.116103939034,-2.03068446778,1.0
483,24.1239290981,0.850530683523,-1.01177408411,-0.839124190599,-1.60643968945,0.52235026071,-0.618332852368,-0.32298632664,-1.37305353604,1.86668314833,1.0
484,30.1515885988,0.0782411558404,0.150046576056,0.377116297369,1.3960621957,0.270128579178,0.0481225485263,0.0129992756598,1.17585229643,-1.13616485426,1.0
485,58.5212708058,-0.1786205987,0.413385020867,0.829629840299,-1.33090128154,-0.623359412008,2.19642427329,-1.36916174352,0.156143124539,-0.556789744363,1.0
486,123.967275778,-0.612625738875,-1.49026538791,-0.822828324294,-0.972402889352,0.846180460079,0.910870135876,0.770760510648,1.34622107322,-0.467493173658,1.0
487,364.215339061,1.49448454449,0.426258730778,-2.06998502501,-0.637437025552,3.24735611839,2.22102137043,7.21244733632,-0.397271814329,-0.132880577587,1.0
488,-244.815045612,1.99676600155,0.331690345545,1.05319989808,-0.405106289461,-2.59981127294,0.200160044723,-0.520378340663,1.74528457269,-0.575935607522,1.0
489,23.4253953058,-0.747861672142,-0.209770581976,0.273901590947,1.42022881271,0.192857368119,0.0815276586988,0.0157232096856,-0.704748511782,0.735364895323,1.0
490,72.1466302017,1.03298919452,1.4121516983,-0.92391201581,-0.535914561666,1.7239912514,-3.02876357389,-5.22156190394,0.430771134946,-0.149891591733,1.0
491,63.7565298126,0.18392549434,-1.60183604897,-0.385489760376,-0.932789041506,0.413265747369,0.496647444253,0.205247377228,1.24331938446,0.812674042109,1.0
492,-27.972481302,-0.388642973473,-0.179082405194,-0.646792015591,1.6104589783,-0.401619677562,0.205294018793,-0.082450117633,0.564210640395,-0.102437034213,1.0
493,-18.3722723685,1.6266495623,-0.0150050870314,-0.211438290846,1.08054412703,-0.195677608676,-0.00197343793973,0.000386157616918,-1.60767657904,0.456163611355,1.0
494,1845.32666084,0.0397667345865,-0.451303037103,-1.56699471086,0.723100493738,-2.16704970392,28.7333769438,-62.2666559987,0.0246121252479,0.719983730143,1.0
495,643.072968335,-0.0805985161501,0.56872239912,1.59327361595,0.25163024882,6.33180479462,-0.748338914173,-4.73833592476,-1.21085563794,-0.393733711694,1.0
496,235.70875833,1.11730531554,-0.753704466181,-0.518900204425,-0.206944710557,2.50743400509,-0.576758619094,-1.44618417425,-0.678095460786,0.753991466978,1.0
497,-36.9002648271,0.189499637548,1.26498332986,-1.34841308776,-0.660608593977,2.04116794733,-8.12830269893,-16.5912309353,0.209849477923,-1.24062459956,1.0
498,-68.6317384811,1.57629897263,-0.862266999753,0.502328240075,-0.952644952815,-0.527298484698,-0.269278892341,0.141990351893,1.60852215595,-0.561578749603,1.0
499,-478.856520031,0.777490355832,-0.212740280214,-1.61389784756,0.386902497859,-4.17132961531,-0.672156670076,2.80378702402,-0.510805137569,-1.18063218412,1.0
